,en_name,district,2020_population
0,Abu Gosh,ירושלים,"7,769"
1,Abu Sanan,הצפון,"14,307"
2,Abu Qurinat (locality),הדרום,"1,994"
3,Abu Talul,הדרום,"2,139"
4,Abtin,חיפה,"2,887"
5,Battalion,הצפון,477
6,Aviel,חיפה,791
7,springs,הצפון,474
8,Avigdor,הדרום,816
9,Avihil,המרכז,"1,410"
10,Avital,הצפון,495
11,Aviazer,ירושלים,864
12,knights,הצפון,271
13,Even Yehuda,המרכז,"14,021"
14,Even Menachem,הצפון,280
15,Sapphire stone,ירושלים,710
16,Ibn Shmuel,הדרום,"2,237"
17,Solid stones,הצפון,740
18,Gems,יהודה והשומרון,"2,080"
19,stone,יהודה והשומרון,255
20,Absalom,הדרום,324
21,Adora,יהודה והשומרון,447
22,mighty,הצפון,280
23,Adamite,הצפון,246
24,cloak,ירושלים,886
25,Thank you,המרכז,"1,405"
26,redness,הצפון,155
27,Fan,הדרום,408
28,Umm al-Fahm,חיפה,"56,776"
29,Umm al-Kutuf,חיפה,"1,151"
30,Um Batin,הדרום,"4,489"
31,an artist,הצפון,468
32,courage,המרכז,829
33,horizons,הדרום,"32,555"
34,Tales of the Hasidim,הצפון,593
35,candle light,הדרום,788
36,Or Yehuda,תל אביב,"36,769"
37,Or Akiva,חיפה,"19,447"
38,light,ירושלים,"1,298"
39,Oron,הדרום,-
40,lights,הדרום,480
41,Ortel,הצפון,349
42,Urim,הדרום,482
43,pine trees,חיפה,61
44,Ornit,יהודה והשומרון,"8,966"
45,bruit,חיפה,558
46,Area,תל אביב,"13,333"
47,Mashgav Employment Zone (Theridion),הצפון,-
48,Achziv Industrial Zone (fillings),הצפון,-
49,Naaman Industrial Zone (fillers),הצפון,-
50,brotherhood,הדרום,322
51,their percentage,הדרום,540
52,Barak estate,הצפון,"2,390"
53,Ahihud,הצפון,912
54,Ahitov,המרכז,"1,081"
55,I will call you,המרכז,"1,404"
56,Ahiezer,המרכז,"1,978"
57,enemies,הדרום,651
58,Eyal,המרכז,534
59,Ayelet Hashahar,הצפון,"1,148"
60,Eylon,הצפון,"1,055"
61,Elon Tavor*,הצפון,-
62,Eilot,הדרום,341
63,Ilanya,הצפון,488
64,Eilat,הדרום,"52,520"
65,iris,המרכז,729
66,Itamar,יהודה והשומרון,"1,285"
67,Strong,הדרום,490
68,firm,ירושלים,60
69,Aksal,הצפון,"14,939"
70,Al Said,הדרום,"6,084"
71,Al-Azi,הדרום,200
72,Al-Arian,חיפה,189
73,Al-Rum,הצפון,415
74,beam,הדרום,943
75,beams,הצפון,411
76,Alon HaGilil,הצפון,"1,144"
77,Alon Mora,יהודה והשומרון,"2,010"
78,Alon Shvut,יהודה והשומרון,"3,071"
79,Aloni father,הצפון,994
80,Aloni Bashan,הצפון,447
81,Aloni Yitzhak,חיפה,300
82,oaks,הצפון,522
83,Eliav,הדרום,603
84,I will,המרכז,"3,484"
85,Eli-ed,הצפון,464
86,Eliphaz,הדרום,148
87,Eliphalet,הצפון,642
88,Elikim,הצפון,928
89,Elyashiv,המרכז,722
90,Elisema,המרכז,"1,205"
91,Almagor,הצפון,417
92,coral,יהודה והשומרון,246
93,Elad,המרכז,"49,167"
94,Eleazar,יהודה והשומרון,"2,487"
95,Alfie Menashe,יהודה והשומרון,"7,997"
96,Alkosh,הצפון,269
97,Elkana,יהודה והשומרון,"3,911"
98,allegiance,הדרום,997
99,Emirs,הצפון,875
100,tilapia,הצפון,443
101,Emtia,הדרום,224
102,Anyam,הצפון,514
103,I will tell,יהודה והשומרון,986
104,Ablein,הצפון,"13,547"
105,channel,הצפון,345
106,avenues,הצפון,"1,500"
107,Afek,הצפון,727
108,Efrat,יהודה והשומרון,"11,405"
109,Arbel,הצפון,748
110,crimson,יהודה והשומרון,134
111,cedar,הדרום,585
112,Ariel,יהודה והשומרון,"19,582"
113,Arsuf,המרכז,184
114,spadix,הדרום,646
115,Ashval,הצפון,139
116,Ashdod,הדרום,"226,153"
117,Ashdot Ya'akov (Ihud),הצפון,"1,016"
118,Ashdot Ya'akov (consolidated),הצפון,583
119,buckthorn,הצפון,964
120,Clusters,יהודה והשומרון,588
121,Ashel the president,הדרום,140
122,I'm delusional,הדרום,666
123,Ashkelon,הדרום,"146,518"
124,visa,הצפון,563
125,I will ask,ירושלים,"1,253"
126,Baqqa al-Gharbiyya,חיפה,"30,456"
127,Beer Ora,הדרום,"1,140"
128,Garden well,הדרום,"1,762"
129,Tobiah's well,הדרום,"1,300"
130,Be'er Ya'akov,המרכז,"29,015"
131,Beer Milka,הדרום,193
132,Beer Sheva,הדרום,"210,595"
133,Isaac's wells,המרכז,469
134,in Arothim,המרכז,"1,144"
135,Barry,הדרום,"1,040"
136,Bustan Hagalil,הצפון,"1,302"
137,Buaina-Nojidat,הצפון,"9,997"
138,Buqaata,הצפון,"6,665"
139,Borgata,המרכז,"1,136"
140,test,המרכז,"1,115"
141,trustfulness,הדרום,793
142,Comprehensive Regional School (Asher),הצפון,-
143,Bitzron,הדרום,"1,234"
144,Bir al-Maksor,הצפון,"9,731"
145,Beer HaDaj,הדרום,"6,012"
146,in a shooting,הצפון,816
147,Beit Oren,חיפה,542
148,Bethel,יהודה והשומרון,"5,684"
149,Beit Elazari,המרכז,"1,556"
150,Alpha house,הצפון,"1,178"
151,Beit Arye-Ofarim,יהודה והשומרון,"5,351"
152,Beit Berl,המרכז,226
153,Beit Guvrin,הדרום,435
154,Beit Gamliel,המרכז,"1,025"
155,garden House,הצפון,"12,151"
156,Beit Dagan,המרכז,"7,298"
157,Capricorn House,הדרום,842
158,Beit Halevi,המרכז,827
159,Beit Hillel,הצפון,789
160,The valley house,הצפון,713
161,The willow house,יהודה והשומרון,398
162,The method house,הצפון,"1,261"
163,Beit Zid,הצפון,79
164,Olive House,ירושלים,"1,683"
165,A seed house,הצפון,599
166,Furia Hospital,הצפון,-
167,Beit Horon,יהודה והשומרון,"1,454"
168,Liberty House,המרכז,904
169,House of parts,המרכז,"1,407"
170,Beit Hanan,המרכז,527
171,House of Hanania,חיפה,915
172,House of Hasmoneans,המרכז,"2,192"
173,Beit Yehoshua,המרכז,"1,080"
174,Beit Yosef,הצפון,485
175,Beit Yanai,המרכז,370
176,Beit Yitzchak-Shaar Hafer,המרכז,"2,137"
177,Bethlehem of Galilee,הצפון,838
178,Beit Meir,ירושלים,817
179,Beit Nehemiah,המרכז,889
180,Beit Nir,הדרום,608
181,A cash register house,ירושלים,739
182,working house,המרכז,257
183,Beit Uziel,המרכז,644
184,Beit Ezra,הדרום,"1,106"
185,Beit Arif,המרכז,"1,189"
186,Beit Zvi,חיפה,314
187,Beit Kama,הדרום,"1,424"
188,Beit Keshet,הצפון,695
189,Beit Raban,המרכז,931
190,Beit Rimon,הצפון,866
191,Beit Shean,הצפון,"18,705"
192,Beit Shemesh,ירושלים,"132,543"
193,Beit Shaarim,הצפון,787
194,Sycamore House,הדרום,893
195,Beitan Aharon,המרכז,138
196,Beitar Illit,יהודה והשומרון,"61,125"
197,Belfuria,הצפון,543
198,Ben is eligible,המרכז,"1,135"
199,Ben-Ami,הצפון,777
200,Ben Shemen (youth village),המרכז,671
201,Ben Shemen (seat),המרכז,873
202,Bnei Brak,תל אביב,"208,793"
203,Palm trees,הדרום,"1,426"
204,Beni Darom,המרכז,925
205,Benny Dror,המרכז,"1,208"
206,Bnei Yehuda,הצפון,"1,119"
207,Sons of Nazareth,הדרום,820
208,Bnei Atarot,המרכז,959
209,sons of Aish,המרכז,"6,925"
210,Bnei Zion,המרכז,"1,349"
211,Bani Ram,המרכז,"1,427"
212,construction,המרכז,780
213,Binyamina-Givat Ada*,חיפה,"15,925"
214,flavor,חיפה,"10,259"
215,Basmat Tivon,הצפון,"7,998"
216,answered,הצפון,"8,435"
217,in trouble,המרכז,"1,201"
218,Swamp,הצפון,306
219,in the corner,ירושלים,790
220,hiccups,יהודה והשומרון,192
221,Bar Gyora,ירושלים,696
222,Bar Yochai,הצפון,"1,088"
223,Bruchin,יהודה והשומרון,"1,478"
224,Obviously a force,הדרום,"1,001"
225,cypress,הדרום,584
226,blessing,יהודה והשומרון,"2,927"
227,her knees,הדרום,"1,252"
228,bar-Lev,הצפון,-
229,in thunder,הצפון,638
230,Lightning,הצפון,411
231,Barkai,חיפה,557
232,Bracken,יהודה והשומרון,"1,933"
233,emerald,המרכז,"2,126"
234,Bat Hadar,הדרום,764
235,Bat Chen,המרכז,428
236,Bat Hefer,המרכז,"5,285"
237,Bat Yam,תל אביב,"127,802"
238,Bat Ayin,יהודה והשומרון,"1,605"
239,Shlomo's daughter,חיפה,659
240,Observatories - Kishon,חיפה,-
241,Gawli Yemen,המרכז,363
242,redeemed,המרכז,968
243,Gaul,המרכז,968
244,Limits,הדרום,378
245,backs,הדרום,624
246,a hill,הצפון,616
247,Geva Binyamin,יהודה והשומרון,"5,761"
248,Carmel Hill,חיפה,"1,220"
249,stems,הדרום,410
250,New Gibeon,יהודה והשומרון,"1,043"
251,Givat Bar,הדרום,"1,245"
252,Givat Avni,הצפון,"2,084"
253,Givat Ela,הצפון,"1,935"
254,Brener Hill,המרכז,"2,686"
255,The Three Hill,המרכז,886
256,Ze'ev hill,יהודה והשומרון,"19,225"
257,Givat Han,המרכז,360
258,A lovely hill,חיפה,-
259,Givat Haim (Union),המרכז,"1,192"
260,Givat Haim (United),המרכז,"1,027"
261,Givat Yoav,הצפון,740
262,Givat Yarim,ירושלים,"1,433"
263,Givat Isaiah,ירושלים,812
264,Givat 28,המרכז,895
265,Givat Nili,חיפה,711
266,Givat Oz,הצפון,467
267,Givat Shmuel,המרכז,"27,249"
268,Givat Shemesh,ירושלים,55
269,Givat Shapira,המרכז,407
270,Givati,הדרום,"1,048"
271,Givatayim,תל אביב,"61,060"
272,Gebraam,הדרום,633
273,You frowned,הצפון,933
274,Gadot,הצפון,434
275,Jedidah-Maker,הצפון,"21,335"
276,heap,הצפון,412
277,Gedona,הצפון,496
278,a fence,המרכז,"28,897"
279,Jules,הצפון,"6,567"
280,protector,הצפון,354
281,Goren,הצפון,413
282,The threshing floors of the Galilee,הצפון,206
283,Gazit,הצפון,769
284,Carrot,המרכז,292
285,Gaia,הדרום,977
286,gibton,המרכז,385
287,Gizo,ירושלים,211
288,a sheet,הצפון,"1,098"
289,you discovered,הדרום,"1,493"
290,Ginosar,הצפון,581
291,Ginger,הצפון,669
292,gardener,המרכז,916
293,Goethe,הצפון,292
294,Gitti,יהודה והשומרון,497
295,Galeon,הדרום,595
296,Jaljulia,המרכז,"10,357"
297,pulley,יהודה והשומרון,217
298,Rolls,תל אביב,541
299,Gilad (Even Yitzchak),הצפון,499
300,Gomzo,המרכז,"1,213"
301,the south garden,המרכז,637
302,Garden of Samaria,חיפה,842
303,Gan Haim,המרכז,815
304,Gan Yashia,המרכז,"1,009"
305,Gan Yavne,המרכז,"23,925"
306,Gan Ner,הצפון,"2,709"
307,A whistling garden,המרכז,701
308,Gan Shlomo,המרכז,596
309,Gan Shmuel,חיפה,942
310,disgrace,המרכז,592
311,Ganot Hadar,המרכז,965
312,Hadar gardens,המרכז,357
313,Tal gardens,המרכז,898
314,John's Gardens,המרכז,608
315,Gani Modi'in,יהודה והשומרון,"2,716"
316,Gardens with,המרכז,233
317,Ganei Tikva,המרכז,"21,551"
318,Jessar al-Zarqa,חיפה,"15,128"
319,volcano,המרכז,874
320,Gaton,הצפון,693
321,vine,ירושלים,414
322,group,הדרום,242
323,Jash (block of milk),הצפון,"3,127"
324,bridge,הצפון,289
325,bridge,הצפון,423
326,The Ziv Bridge,הצפון,"1,624"
327,Jet,חיפה,"12,269"
328,Gat (kibbutz),הדרום,929
329,Gat Rimon,המרכז,322
330,Dali'at el Carmel,חיפה,"17,865"
331,Bumblebee,הצפון,208
332,apiary,הצפון,"10,681"
333,Debra,הדרום,"1,042"
334,you spoke,הצפון,522
335,Degania A.,הצפון,525
336,Degania B,הצפון,673
337,Dubb,הצפון,478
338,plane,יהודה והשומרון,"1,513"
339,generation,חיפה,448
340,generations,הדרום,851
341,reject,הצפון,715
342,Deir al-Assad,הצפון,"12,734"
343,Tenant Hana,הצפון,"10,486"
344,Deir Rafat,ירושלים,103
345,Dimona,הדרום,"35,270"
346,elk,הצפון,338
347,Dahlia,הצפון,846
348,Kite,הצפון,866
349,imagined,הצפון,536
350,Dan,הצפון,762
351,bay,הצפון,987
352,palm tree,הדרום,362
353,Darijat,הדרום,"1,275"
354,Haun,הצפון,177
355,the builders,חיפה,370
356,the bridgers,הצפון,917
357,Hadar with,המרכז,692
358,Hod Hasharon,המרכז,"64,490"
359,Indianness,הצפון,302
360,Acknowledgment,הדרום,591
361,suspension,הצפון,"2,095"
362,the sower,הצפון,922
363,the sowers,הצפון,"1,081"
364,the rowers,חיפה,875
365,the scribe,הצפון,745
366,Hila,הצפון,579
367,the qualifier,המרכז,859
368,The Center for Research - Nahal Sorek,המרכז,-
369,the batteries,הצפון,962
370,the anchor,המרכז,932
371,Mount Adar,יהודה והשומרון,"4,084"
372,Mount Gila,יהודה והשומרון,"1,625"
373,Mount Amsha,הדרום,220
374,Harel,ירושלים,257
375,oleander,הצפון,"1,105"
376,Herzliya,תל אביב,"98,965"
377,mountainous,הצפון,586
378,Rose of Jericho,יהודה והשומרון,360
379,Verdon,הדרום,273
380,Zebediel,הדרום,574
381,Glamor,הדרום,356
382,Zikim,הדרום,856
383,an olive,המרכז,"1,038"
384,Zichron Yaakov,חיפה,"23,438"
385,Zechariah,ירושלים,"1,103"
386,Singer,המרכז,"7,252"
387,female singer,הדרום,648
388,neglected,ירושלים,541
389,her arm,הדרום,500
390,starling,הצפון,"8,275"
391,Zarahiya,הדרום,740
392,Lily of the Sharon,המרכז,488
393,Friend,הצפון,677
394,belt,המרכז,"1,142"
395,Hagai,יהודה והשומרון,676
396,partridge,המרכז,864
397,Hadid,המרכז,903
398,Ness,הצפון,853
399,Hadera,חיפה,"98,908"
400,Khalid,חיפה,710
401,rat,המרכז,"1,134"
402,Holon,תל אביב,"197,247"
403,Dune,הדרום,205
404,sick,הצפון,704
405,sturdiness,הצפון,"1,176"
406,Hosnia,הצפון,801
407,beach,המרכז,801
408,Enacted,הצפון,602
409,a hole,הדרום,"23,102"
410,Khorfish,הצפון,"6,490"
411,plowing,המרכז,339
412,vision,הצפון,296
413,Lovers of Zion,המרכז,806
414,graceful,יהודה והשומרון,"1,477"
415,Haifa,חיפה,"283,736"
416,freedom,המרכז,"1,266"
417,pioneer,הצפון,534
418,extract,הדרום,478
419,Hamad,המרכז,"1,316"
420,hammam,הצפון,"1,530"
421,Hamdia,הצפון,404
422,greedy,יהודה והשומרון,310
423,hardware,יהודה והשומרון,259
424,Haniel,המרכז,924
425,parking,הצפון,747
426,a charmer,הצפון,992
427,Hasfin,הצפון,"2,007"
428,Chafetz Chaim,המרכז,557
429,I want her,הצפון,723
430,squill,הדרום,"1,507"
431,measles,הדרום,693
432,Hazor HaGalilit,הצפון,"9,568"
433,Hazor-Ashdod,הדרום,649
434,premises,הדרום,850
435,sword to shovel,המרכז,929
436,diligent,המרכז,857
437,earing,חיפה,"19,568"
438,scythe,יהודה והשומרון,230
439,deaf,הצפון,356
440,Hasmoneans,יהודה והשומרון,"2,712"
441,Tiberias,הצפון,"45,868"
442,Tuba-Zangria,הצפון,"6,896"
443,Turean,הצפון,"14,436"
444,Taiba,המרכז,"44,585"
445,Taiba (in the valley),הצפון,"1,919"
446,castle,המרכז,"27,036"
447,Yehuda Castle,המרכז,"1,236"
448,Tirat Carmel,חיפה,"24,296"
449,Tirat Zvi,הצפון,923
450,Tal Shahar,ירושלים,"1,391"
451,Tel-al,הצפון,"1,200"
452,snowdrifts,הדרום,561
453,Telmon,יהודה והשומרון,"4,882"
454,Tamra,הצפון,"34,878"
455,Tamra (Jezreel),הצפון,"1,623"
456,basket,יהודה והשומרון,925
457,taphot,הצפון,509
458,Yanoh-Jeth,הצפון,"6,775"
459,crop,הדרום,354
460,Yavnal,הצפון,"4,333"
461,Yavne,המרכז,"49,835"
462,Yegor,חיפה,"1,637"
463,Yagel,המרכז,906
464,Yad Binyamin,המרכז,"4,253"
465,Hand of eight,ירושלים,293
466,Yad Hana,המרכז,959
467,Yad Mordechai,הדרום,745
468,Yad Natan,הדרום,660
469,Yad Rambam,המרכז,"1,120"
470,a friend,ירושלים,229
471,Yehud-Monoson,המרכז,"30,020"
472,Yahal,הדרום,233
473,jubilee,הצפון,640
474,tributaries,הצפון,"1,088"
475,Yodafat,הצפון,906
476,Jonathan,הצפון,770
477,Yoshibia,הדרום,700
478,Jezreel,הצפון,552
479,Yahyam,הצפון,720
480,her benefit,הדרום,721
481,ITB,יהודה והשומרון,323
482,will prepare you,הדרום,725
483,Dead Sea - hotels,הדרום,-
484,Yanov,המרכז,931
485,Yanon,הדרום,"1,212"
486,the foundation of the higher,הצפון,"1,761"
487,basics,המרכז,992
488,storm,הצפון,884
489,target,הצפון,695
490,Yael,הצפון,-
491,volley,המרכז,309
492,honeysuckle,הצפון,749
493,amazing,הצפון,"19,300"
494,beautiful,יהודה והשומרון,218
495,Ifat,הצפון,"1,204"
496,will open,הצפון,582
497,Yitzhar,יהודה והשומרון,"1,838"
498,will peek,המרכז,837
499,universe,המרכז,775
500,darling,יהודה והשומרון,"2,368"
501,Yakneam (colony),הצפון,"1,383"
502,Yokneam Illith,הצפון,"24,091"
503,Yaraon,הצפון,403
504,Jordana,הצפון,359
505,Yeruham,הדרום,"10,773"
506,Jerusalem,ירושלים,"951,149"
507,will expand,המרכז,"1,097"
508,Yercha,הצפון,"17,404"
509,Yarkona,המרכז,368
510,salvation,הדרום,425
511,Ishai,ירושלים,806
512,will take root,המרכז,991
513,stake,הדרום,537
514,as a ball,הצפון,"14,244"
515,Ka'uqb Abu al-Hijah,הצפון,"3,668"
516,already,הצפון,"1,068"
517,spherical,הצפון,202
518,like her,הצפון,190
519,dawn star,יהודה והשומרון,"2,450"
520,Kochav Yair,המרכז,"8,735"
521,Kochav Yaakov,יהודה והשומרון,"9,116"
522,Michael star,הדרום,"1,090"
523,Kuriz,הצפון,335
524,antimony,הצפון,463
525,blue,הדרום,439
526,sweeps,הדרום,286
527,spindle,הצפון,213
528,completely,הצפון,784
529,anemone,הצפון,251
530,Kamana,הצפון,"1,570"
531,truffle,הדרום,247
532,cumin,הצפון,"1,402"
533,sincerity,הדרום,454
534,wing,הצפון,470
535,Kinneret (colony),הצפון,695
536,Sea of ​​Galilee (group),הצפון,693
537,silver,הדרום,"22,485"
538,as a living room,ירושלים,469
539,Kasra-Samiya,הצפון,"8,964"
540,Ka'abia-Tabash-Khajajara,הצפון,"5,624"
541,Kfar Aviv,המרכז,834
542,Kfar Adumim,יהודה והשומרון,"4,785"
543,Kfar Uria,ירושלים,918
544,Kfar Ahim,הדרום,888
545,Bialik village,חיפה,846
546,Bilo village,המרכז,"1,270"
547,Bloom village,הצפון,782
548,Kfar Ben Nun,המרכז,731
549,Kfar Bara,המרכז,"3,754"
550,Kfar Baruch,הצפון,614
551,Kfar Gideon,הצפון,334
552,Kfar Galim,חיפה,387
553,Glikson village,חיפה,347
554,Kfar Giladi,הצפון,686
555,Kfar Daniel,המרכז,699
556,The pine village,יהודה והשומרון,"2,614"
557,The forest village,הצפון,726
558,Maccabi village,חיפה,402
559,Governor's village,המרכז,"1,242"
560,The religious youth village,חיפה,376
561,Kfar Hanasi,הצפון,960
562,Kfar Hess,המרכז,"1,595"
563,Kfar HaRa,המרכז,"1,475"
564,The Rif village,הדרום,833
565,Kfar Vitkin,המרכז,"1,963"
566,Warburg village,הדרום,"1,147"
567,Village Roses,הצפון,"5,490"
568,Zoharim village,ירושלים,148
569,Olive village,הצפון,796
570,Kfar Habad,המרכז,"6,734"
571,Kfar Hoshan,הצפון,791
572,Wheat village,הצפון,606
573,Kfar Haim,המרכז,635
574,Kfar Hanania,הצפון,762
575,Kfar Hassidim A,חיפה,837
576,Kfar Hassidim B,חיפה,305
577,Kfar Harob,הצפון,455
578,Kfar Truman,המרכז,874
579,Kfar Yasif,הצפון,"10,245"
580,Kfar Yedidia,המרכז,734
581,Joshua Village,הצפון,"1,224"
582,Kfar Yona,המרכז,"26,182"
583,Kfar Yehezkel,הצפון,"1,215"
584,Kfar Yabetz,המרכז,683
585,Kfar Kama,הצפון,"3,427"
586,Kana village,הצפון,"23,266"
587,Kfar Munesh,המרכז,940
588,Kfar Maimon,הדרום,419
589,Kfar Malal,המרכז,325
590,Manda village,הצפון,"20,622"
591,Kfar Menachem,הדרום,"1,345"
592,Mesrik village,הצפון,868
593,Kfar Metzr,הצפון,"2,777"
594,Kfar Mordechai,המרכז,657
595,Neter village,המרכז,"1,158"
596,Sold village,הצפון,689
597,Kfar Saba,המרכז,"101,829"
598,Kfar Silver,הדרום,399
599,Sirkin village,המרכז,"1,528"
600,A working village,המרכז,225
601,Gaza village,הדרום,742
602,Kfar Etzion,יהודה והשומרון,"1,203"
603,Kfar Pines,חיפה,"1,087"
604,Kafr Qasim,המרכז,"24,256"
605,Kfar Kish,הצפון,663
606,Kfar Kara,חיפה,"19,295"
607,Rosh Hankara village,הצפון,"1,378"
608,Kfar Rosenwald (seed),הצפון,244
609,Kfar Rupin,הצפון,532
610,Ruth village,המרכז,272
611,Kfar Shammai,הצפון,574
612,Kfar Shmuel,המרכז,958
613,Kfar Shmaryahu,תל אביב,"1,926"
614,Kfar Tavor,הצפון,"4,401"
615,Apple village,יהודה והשומרון,"1,473"
616,crocus,הצפון,527
617,Kerem Ben Zimra,הצפון,530
618,Kerem Ben Shemen,המרכז,82
619,Kerem Yavneh (sitting),המרכז,529
620,A vineyard from the Harel,חיפה,783
621,Shalom vineyard,הדרום,191
622,Carmi Yosef,המרכז,"1,722"
623,Tzur vineyards,יהודה והשומרון,995
624,Picking vineyards,הדרום,611
625,Carmiel,הצפון,"46,123"
626,Karmeya,הדרום,653
627,vineyards,הדרום,508
628,Carmel,יהודה והשומרון,447
629,Frankincense,הצפון,721
630,Levi,הצפון,615
631,whites,הצפון,426
632,blade,הדרום,657
633,The flames of the Bashan,הצפון,911
634,Lovely flames,חיפה,"1,044"
635,blades,הדרום,"6,694"
636,Lod,המרכז,"80,931"
637,Luzit,ירושלים,835
638,The fighters of the ghettos,הצפון,783
639,Lotem,הצפון,788
640,Lutan,הדרום,180
641,Lyman,הצפון,666
642,Lachish,הדרום,791
643,torch,המרכז,"2,359"
644,torches,הצפון,130
645,to Kia,הדרום,"14,641"
646,Maor,חיפה,"1,436"
647,Meir Shafia,חיפה,337
648,More introduction,ירושלים,"1,005"
649,Dotan's introduction,יהודה והשומרון,479
650,Mevo Horon,יהודה והשומרון,"2,686"
651,A warm introduction,הצפון,473
652,Introduction informants,המרכז,246
653,Sea inlets,המרכז,369
654,Introductions of Jericho,יהודה והשומרון,-
655,Terrified,הדרום,"1,245"
656,Insurers,הדרום,465
657,scoring,הדרום,478
658,Mevaseret Zion,ירושלים,"24,246"
659,Magar,הצפון,"23,275"
660,Majd al-Krum,הצפון,"15,446"
661,Magad,חיפה,"1,380"
662,tower,הצפון,"1,979"
663,Migdal Haemek,הצפון,"25,721"
664,Oz tower,יהודה והשומרון,576
665,Majdal Shams,הצפון,"11,266"
666,Migdal Tafen,הצפון,-
667,towers,יהודה והשומרון,505
668,Megiddo,הצפון,848
669,sickle,חיפה,"1,149"
670,Protector,הדרום,535
671,Magen Shaul,הצפון,705
672,fulfilling,המרכז,"1,089"
673,Oz way,הצפון,793
674,Ben Gurion Midrash,הדרום,"1,958"
675,Rupin Midrash,המרכז,228
676,Modi'in Illit,יהודה והשומרון,"77,967"
677,Modi'in Maccabim-Reut*,המרכז,"94,657"
678,homeland,הצפון,"1,089"
679,elite origin,ירושלים,"1,231"
680,Mokaybela,הצפון,"4,136"
681,moran,הצפון,472
682,legacy,הצפון,"1,544"
683,Balm,המרכז,"1,318"
684,A souvenir of her house,המרכז,"15,093"
685,from a seed,הצפון,802
686,from her seed,הצפון,"3,998"
687,sick,יהודה והשומרון,629
688,Yatir camp,הדרום,292
689,from two,הצפון,833
690,from her cover,ירושלים,481
691,Matula,הצפון,"1,655"
692,plantation,ירושלים,949
693,Who is my people?,חיפה,364
694,The best,הצפון,458
695,excruciating,חיפה,"2,072"
696,manufacturer,הצפון,289
697,most,הצפון,742
698,Miron,הצפון,"1,077"
699,Straight,המרכז,806
700,string,הדרום,"9,980"
701,addicted,יהודה והשומרון,178
702,paintbrush,הדרום,994
703,trawl,המרכז,"1,459"
704,from money,הצפון,577
705,full,הצפון,389
706,from nights,הדרום,371
707,a queen,הצפון,463
708,Malkishua,הצפון,241
709,rest,הדרום,640
710,crane,הצפון,864
711,Dishes,הצפון,475
712,Menachemia,הצפון,"1,054"
713,a lamp,הצפון,259
714,Menshit Zvada,הצפון,"1,424"
715,foundation,הצפון,378
716,Masada,הצפון,355
717,tracks,הצפון,447
718,Zion Railway,ירושלים,"1,244"
719,Route,הדרום,886
720,Restaurant,הצפון,"3,753"
721,transitions,המרכז,991
722,circles,הדרום,"2,080"
723,anchorage,הצפון,384
724,Ma'agan Michael,חיפה,"2,067"
725,bastion of life,הצפון,490
726,residence,יהודה והשומרון,594
727,tortured,הצפון,978
728,A blessed spring,הצפון,695
729,Ma'an Zvi,חיפה,742
730,Mailia,הצפון,"3,270"
731,Ma'ale Adumim,יהודה והשומרון,"37,847"
732,Maale Ephraim,יהודה והשומרון,"1,256"
733,Ma'ale Gilboa,הצפון,804
734,Retired,הצפון,559
735,High five,ירושלים,819
736,Frankincense,יהודה והשומרון,945
737,More than four,יהודה והשומרון,"1,635"
738,Ma'ale Iron,חיפה,"15,380"
739,Ma'ale Amos,יהודה והשומרון,720
740,Tarshiha,הצפון,"22,121"
741,sulcus,חיפה,834
742,action,המרכז,847
743,levels,הדרום,"1,034"
744,Absalom factories,הדרום,-
745,Barkan factories,יהודה והשומרון,-
746,Upper Galilee factories,הצפון,-
747,Garnet factories,חיפה,-
748,Ha'Emek Enterprises (Jezreel),הצפון,-
749,Rope factories notify,המרכז,-
750,Dead Sea Factories (Sodom),הדרום,-
751,Honest factories,הדרום,-
752,Mishor Rotem factories,הדרום,-
753,Daycare establishments,הדרום,-
754,Nehem Harotov factories,ירושלים,-
755,Malachi junction factories,הדרום,-
756,Zin - Arava factories,הדרום,-
757,Plant factories,הצפון,-
758,Shan factories,הצפון,-
759,Masadat Yehuda,יהודה והשומרון,603
760,position,הצפון,"1,153"
761,successful,המרכז,"1,346"
762,expecting,הצפון,131
763,Mitzpe Aviv,הצפון,"1,086"
764,Mitzpe Ilan,חיפה,725
765,Mitzpe Jericho,יהודה והשומרון,"2,577"
766,Mitzpe Netufa,הצפון,"1,035"
767,Mitzpe Ramon,הדרום,"5,186"
768,A complete expectation,יהודה והשומרון,244
769,strait,חיפה,388
770,Mikve Israel,תל אביב,374
771,spies,הצפון,408
772,Marom Golan,הצפון,744
773,space with,הדרום,515
774,Mehravia (seat),הצפון,667
775,Mehravia (kibbutz),הצפון,"1,272"
776,Spherical regional center,הצפון,-
777,Marom HaGalil regional center,הצפון,-
778,Meshgav Regional Center,הצפון,-
779,Shoham Regional Center,המרכז,-
780,Center 28,הצפון,-
781,Mirab Center*,חיפה,-
782,Shapira Center,הדרום,"2,466"
783,field resources,הדרום,468
784,Meshgav Dov,המרכז,721
785,Mishgav with,הצפון,333
786,Mashad,הצפון,"8,486"
787,beacon,יהודה והשומרון,180
788,Isaac beacons,הדרום,708
789,durations,יהודה והשומרון,333
790,Mishmar Ayalon,המרכז,563
791,Mishmar David,המרכז,"1,137"
792,Jordan Escort,הצפון,868
793,The Negev Guard,הדרום,"1,034"
794,guard of the valley,הצפון,"1,283"
795,The Seventh Guard,המרכז,"1,061"
796,The Sharon Guard,המרכז,622
797,shifts,חיפה,"1,117"
798,shift,המרכז,"1,044"
799,prop,הדרום,"1,071"
800,giving,המרכז,"3,631"
801,gift,הצפון,220
802,Matityahu,יהודה והשומרון,898
803,Navot Golan,הצפון,636
804,Adequate square,הדרום,441
805,Neot Hovav,הדרום,-
806,Neot Mordechai,הצפון,650
807,Neat Samdar,הדרום,229
808,Naora,הצפון,"2,347"
809,sprouts,הדרום,"1,053"
810,charged,הדרום,962
811,disgusted,יהודה והשומרון,376
812,Norah,הדרום,"1,184"
813,praised,הצפון,"1,181"
814,Nahariya,הצפון,"59,155"
815,Nov,הצפון,995
816,Venus,הדרום,580
817,Neve,הדרום,"1,314"
818,Neve Avot,חיפה,50
819,Neve Or,הצפון,350
820,Neve Ativ,הצפון,127
821,Neve Ilan,ירושלים,985
822,Neve Ilan*,ירושלים,-
823,Neve Eitan,הצפון,301
824,Neve Daniel,יהודה והשומרון,"2,340"
825,Neve Zohar,הדרום,54
826,Neve Ziv,הצפון,974
827,Neve spicy,הדרום,103
828,Neve Yam,חיפה,237
829,Neve Yemin,המרכז,"1,078"
830,Neve Yerak,המרכז,"1,279"
831,Neve Mefet,הדרום,701
832,Neve Michael,ירושלים,877
833,Neve Tsov,יהודה והשומרון,"1,494"
834,Neve Shalom,ירושלים,332
835,pleasantness,הדרום,363
836,Nof Ayalon,המרכז,"2,080"
837,The view of the Galilee,הצפון,"41,939"
838,landscapes,יהודה והשומרון,949
839,scenic,חיפה,"2,597"
840,garnet,המרכז,605
841,dots,יהודה והשומרון,"2,590"
842,Nordic,המרכז,"2,233"
843,Lightbulb,הצפון,213
844,copper,ירושלים,"1,496"
845,Nahal Oz,הדרום,468
846,inheritance,הדרום,711
847,Nahaliel,יהודה והשומרון,735
848,streams,המרכז,"1,848"
849,Naham,ירושלים,548
850,floated,הצפון,"13,331"
851,surges,חיפה,695
852,Nachshon,ירושלים,588
853,Nachshonim,המרכז,418
854,planted,הצפון,303
855,sentinel,הצפון,872
856,planted,הדרום,674
857,planted,המרכז,628
858,myrrh,ירושלים,459
859,No,הצפון,"1,898"
860,NIL,יהודה והשומרון,"1,848"
861,Use,הדרום,"2,573"
862,Nitzan B,הדרום,444
863,Nitsana (community of education),הדרום,348
864,Chinese buds,הדרום,286
865,Oz buds,המרכז,"1,110"
866,buds,הדרום,524
867,Nir Eliyahu,המרכז,562
868,Nir Binim,הדרום,745
869,Nir Galim,המרכז,"1,408"
870,Nir David (Tel Amal),הצפון,740
871,Nir Khan,הדרום,563
872,Nir is beautiful,הצפון,725
873,Nir Yitzhak,הדרום,640
874,Nir Israel,הדרום,888
875,Nir Moshe,הדרום,593
876,Nir Oz,הדרום,386
877,Nir with,הדרום,644
878,Nir Etzion,חיפה,967
879,Nir Akiva,הדרום,666
880,Nir Tzvi,המרכז,"1,283"
881,Nirim,הדרום,370
882,Nirit,המרכז,936
883,Ben Gurion Airport,המרכז,-
884,Nimrod,הצפון,-
885,A mountain miracle,ירושלים,"1,451"
886,A miracle of nations,הצפון,429
887,Ness Ziona,המרכז,"50,706"
888,youth,המרכז,413
889,superior,יהודה והשומרון,"2,343"
890,NAMA,יהודה והשומרון,169
891,naan,המרכז,"1,761"
892,Nern,יהודה והשומרון,105
893,Hazani's scion,המרכז,503
894,Descendant of Sarni,המרכז,909
895,Nazareth,הצפון,"77,791"
896,Nesher,חיפה,"24,039"
897,The battalion route,יהודה והשומרון,222
898,The path of the Lord,ירושלים,662
899,Enrichment path,הדרום,886
900,the convoy route,הצפון,492
901,routes,הדרום,"39,703"
902,Netanya,המרכז,"222,129"
903,Sajor,הצפון,"4,358"
904,Sasa,הצפון,402
905,groundsel*,המרכז,"4,023"
906,virtue,הדרום,732
907,Suaed (Khamriya)*,הצפון,197
908,ladder,הצפון,"2,640"
909,a horse,יהודה והשומרון,"1,237"
910,storm,הדרום,216
911,Sakhenin,הצפון,"32,194"
912,Selma,הצפון,"3,402"
913,rocky,יהודה והשומרון,"1,409"
914,Samar,הדרום,276
915,Sensena,יהודה והשומרון,577
916,welfare,הדרום,845
917,Sava,הדרום,"2,001"
918,storm,הצפון,875
919,sapphire,הדרום,484
920,secret,המרכז,"1,102"
921,Abdon,הצפון,677
922,Evron,הצפון,859
923,crane,ירושלים,540
924,Ajar,הצפון,"2,702"
925,until now,הדרום,-
926,jewel,הצפון,"1,858"
927,Edens,המרכז,517
928,Uza,הדרום,434
929,Uzir,הצפון,"3,364"
930,chicory,המרכז,"1,163"
931,Omar,הדרום,"7,569"
932,Ofer,חיפה,663
933,power,הדרום,727
934,mighty,הדרום,77
935,helped,הדרום,807
936,Asriel,המרכז,865
937,Azaria,המרכז,"1,246"
938,Ezrikem,הדרום,"1,504"
939,crown,יהודה והשומרון,943
940,Idan,הדרום,393
941,The era of the Negev,הדרום,-
942,Aylabon,הצפון,"5,787"
943,springs,המרכז,412
944,Ilot,הצפון,"8,537"
945,Ain Ayala,חיפה,"1,151"
946,Ain al-Assad,הצפון,885
947,Ein Gev,הצפון,672
948,Ein Gedi,הדרום,592
949,Ein Dor,הצפון,"1,045"
950,Eye of the Gospel,הדרום,"1,106"
951,Ein Hod,חיפה,651
952,The eye of the forest,המרכז,847
953,Eye of the Bay,הצפון,"1,258"
954,Eye of the commissioner,הצפון,610
955,Eye of the valley,הצפון,821
956,the judge's eye,הצפון,837
957,Eye of the Three,הדרום,367
958,Rose eye,המרכז,"1,545"
959,Ein Zivan,הצפון,387
960,sharp eye,חיפה,315
961,Measles eye,הדרום,-
962,Ein Harod (unification),הצפון,541
963,Ein Harod (United),הצפון,777
964,Ein Yahav,הדרום,772
965,Ein Yaakov,הצפון,"1,185"
966,Ein Kerem - agricultural school,ירושלים,162
967,Ein Carmel,חיפה,923
968,Ein Mahal,הצפון,"13,568"
969,Ein Nakoba,ירושלים,"3,585"
970,Ein Iron,חיפה,544
971,Ein Tzorim,הדרום,809
972,Ein Kaniya,הצפון,"2,139"
973,Ein Rapha,ירושלים,"1,251"
974,Ein Shemer,חיפה,585
975,Ein Sharid,המרכז,"1,615"
976,Ein Tamar,הדרום,197
977,Einat,המרכז,828
978,Ovot city,הדרום,-
979,Acre,הצפון,"49,502"
980,youth,הדרום,520
981,pestle,יהודה והשומרון,"4,600"
982,Gold leaves,יהודה והשומרון,"3,828"
983,What,הצפון,707
984,Almon,יהודה והשומרון,"1,441"
985,deep,הצפון,137
986,Amichai,יהודה והשומרון,208
987,Aminadav,ירושלים,"1,098"
988,Amiad,הצפון,461
989,Amiauz,הדרום,205
990,Amikam,חיפה,770
991,Amir,הצפון,598
992,Emmanuel,יהודה והשומרון,"4,128"
993,deep,הצפון,794
994,grape,יהודה והשומרון,925
995,Asafia,חיפה,"12,613"
996,Afula,הצפון,"56,770"
997,ore,יהודה והשומרון,"3,012"
998,Ephraim tree,יהודה והשומרון,"2,460"
999,Atzmon Segev,הצפון,"1,166"
1000,Araba,הצפון,"26,252"
1001,Aramsha*,הצפון,"1,727"
1002,A pleasant evening,הצפון,826
1003,Earth,הדרום,"27,207"
1004,beds,הדרום,"1,154"
1005,appealed,חיפה,"25,531"
1006,Appeal-Bangev,הדרום,"18,951"
1007,ten,המרכז,989
1008,Atlit,חיפה,"9,732"
1009,Atniel,יהודה והשומרון,980
1010,Paran,הדרום,508
1011,Safirim Industries Park,הדרום,-
1012,Emek Hafer Industrial Park,המרכז,-
1013,Pedual,יהודה והשומרון,"2,044"
1014,redeemed,הדרום,519
1015,Payday,המרכז,836
1016,Pouridis,חיפה,"13,450"
1017,Poriya - a working village,הצפון,371
1018,Furia - Neve Oved,הצפון,"1,265"
1019,High fertility,הצפון,"1,182"
1020,Porat,המרכז,"1,278"
1021,hammer,הדרום,965
1022,spindle,הצפון,182
1023,Palmach,המרכז,745
1024,face friend,יהודה והשומרון,678
1025,peaks,יהודה והשומרון,"2,037"
1026,Misleading,הצפון,"3,181"
1027,times 5777,הדרום,572
1028,Fetzel,יהודה והשומרון,322
1029,Paki'in (Bukiyeh),הצפון,"5,976"
1030,New bankruptcy,הצפון,584
1031,Pardes Hana,חיפה,"43,760"
1032,an orchard,המרכז,"6,641"
1033,separated,הצפון,609
1034,Parson,הצפון,363
1035,garden fruit,הדרום,244
1036,Petah Tikva,המרכז,"250,484"
1037,its openings,המרכז,852
1038,onions,הדרום,468
1039,Deer,הצפון,335
1040,tulip,הצפון,305
1041,Tsova,ירושלים,614
1042,snoring,הדרום,469
1043,scouting,המרכז,-
1044,scouts,יהודה והשומרון,"2,433"
1045,scout,המרכז,"1,319"
1046,horn,הדרום,466
1047,sea ​​cliffs,המרכז,286
1048,cliffs,הדרום,342
1049,Tzur Hadassah,ירושלים,"11,584"
1050,Contact Isaac,המרכז,"6,584"
1051,Tzur Moshe,המרכז,"3,313"
1052,Tzur Natan,המרכז,307
1053,Zuriel,הצפון,374
1054,formal,הצפון,917
1055,birds,הצפון,985
1056,cell phone,ירושלים,"1,075"
1057,Sandal,הצפון,"1,670"
1058,ornithology,המרכז,"1,034"
1059,hornbills,ירושלים,412
1060,Zefat,הצפון,"36,060"
1061,pure,חיפה,"1,122"
1062,wasp,ירושלים,940
1063,Yavneh Group,המרכז,964
1064,Ancients,יהודה והשומרון,"4,586"
1065,"Come on, Zoran",המרכז,"22,716"
1066,foreground,הדרום,-
1067,In front of a deer,הצפון,512
1068,potter,יהודה והשומרון,"1,619"
1069,Kedron,המרכז,"1,604"
1070,potters,הצפון,289
1071,independence,הדרום,551
1072,thyme,הצפון,922
1073,incense,הדרום,488
1074,Caesarea,חיפה,"5,561"
1075,cobs,הדרום,656
1076,toasting,יהודה והשומרון,464
1077,Kalanswa,המרכז,"23,512"
1078,slingshot,הצפון,336
1079,harvesting,חיפה,"2,952"
1080,short a-ser,הדרום,"2,593"
1081,Katzrin,הצפון,"7,500"
1082,Kiryat Ono,תל אביב,"40,834"
1083,Kiryat Arba,יהודה והשומרון,"7,338"
1084,Kiryat Ata,חיפה,"59,364"
1085,Kiryat Bialik,חיפה,"41,913"
1086,Qiryat Gat,הדרום,"58,481"
1087,Kiryat Shchivan Merhavim*,הדרום,-
1088,Kiryat Tivon,חיפה,"18,313"
1089,Kiryat Yam,חיפה,"39,458"
1090,Kiryat Yarim,ירושלים,"6,239"
1091,Kiryat Yaarim (institution),ירושלים,165
1092,Kiryat Motzkin,חיפה,"45,463"
1093,Kiryat Malachi,הדרום,"24,385"
1094,Kiryat Natafim,יהודה והשומרון,964
1095,Grape picking,ירושלים,466
1096,Kiryat Ekron,המרכז,"11,077"
1097,Kiryat Shlomo,המרכז,232
1098,Kiryat Shmona,הצפון,"22,363"
1099,Kiryat Shinoch Gaza,הדרום,-
1100,Kiryat Aviation,המרכז,-
1101,Horns of Samaria,יהודה והשומרון,"9,417"
1102,Rainbow,הצפון,842
1103,Rama,הצפון,"7,791"
1104,Ras al-Ain,הצפון,397
1105,Ras Ali,חיפה,652
1106,Rosh HaAyin,המרכז,"67,624"
1107,Rosh Pina,הצפון,"3,217"
1108,Tzorim head,יהודה והשומרון,947
1109,Rishon Lezion,המרכז,"256,055"
1110,myriad,יהודה והשומרון,"2,786"
1111,strata,הדרום,817
1112,many,הדרום,"1,085"
1113,necklace,הצפון,138
1114,rugby,הצפון,"1,123"
1115,Regevs,חיפה,506
1116,trough,הדרום,"73,768"
1117,Welfare,הדרום,562
1118,saturation,הצפון,444
1119,desert wind,הדרום,69
1120,Ruhama,הדרום,722
1121,Romana,הצפון,"1,239"
1122,Rumat Hiev,הצפון,"2,093"
1123,Roy,יהודה והשומרון,170
1124,Rotem,יהודה והשומרון,242
1125,Street,הצפון,403
1126,streets,המרכז,"146,095"
1127,Rachel,יהודה והשומרון,906
1128,Rihaniya,הצפון,"1,218"
1129,basil,יהודה והשומרון,352
1130,Reina,הצפון,"19,142"
1131,pomegranates,יהודה והשומרון,698
1132,Rintia,המרכז,"1,182"
1133,ridges,חיפה,"13,266"
1134,Ram-on,הצפון,986
1135,levels,הצפון,531
1136,The return levels,המרכז,"1,709"
1137,Ramot Meir,המרכז,750
1138,Ramot Menashe,הצפון,"1,211"
1139,Ramot Naftali,הצפון,538
1140,Ramla,המרכז,"76,986"
1141,Ramat Gan,תל אביב,"167,556"
1142,Ramat David,הצפון,540
1143,the level of the conqueror,המרכז,"1,151"
1144,Judge level,הצפון,"1,124"
1145,Ramat Hasharon,תל אביב,"47,510"
1146,Ramat Yohanan,חיפה,"1,016"
1147,Ramat Yishai,הצפון,"7,897"
1148,fulfillment level,הצפון,755
1149,Ramat Zvi,הצפון,747
1150,Ramat Raziel,ירושלים,662
1151,Ramat Rachel,ירושלים,563
1152,Renan,הדרום,716
1153,are bad,הדרום,428
1154,fresh,המרכז,"76,278"
1155,cyclamen,הצפון,"1,049"
1156,Rashpon,המרכז,"1,456"
1157,Resheph,הצפון,"1,153"
1158,harnesses,הדרום,584
1159,rest of the settlement,הצפון,655
1160,Shave South,הדרום,253
1161,Shavei Tzion,הצפון,"1,227"
1162,Shavi Samaria,יהודה והשומרון,"1,031"
1163,Shabli - Umm Al-Ganam,הצפון,"6,152"
1164,Segev-Shalom,הדרום,"11,364"
1165,Sde Ilan,הצפון,648
1166,Sde Eliyahu,הצפון,705
1167,Eliezer Field,הצפון,828
1168,Sde Boker,הדרום,449
1169,Field of David,הדרום,587
1170,Warburg Field,המרכז,"1,441"
1171,Sde Yoav,הדרום,598
1172,Sde Jacob,הצפון,"1,096"
1173,Sde Yitzhak,חיפה,714
1174,Field of Moses,הדרום,778
1175,Sde Nahum,הצפון,912
1176,Sde Nehemiah,הצפון,"1,265"
1177,Field Nitzan,הדרום,357
1178,Uzziah Field,הדרום,"1,598"
1179,Deer field,הדרום,653
1180,Sea fields,חיפה,"1,108"
1181,Micah fields,ירושלים,382
1182,Abraham's demons,הדרום,360
1183,I'm greedy,המרכז,982
1184,Demons of donations,הצפון,459
1185,that pretended,המרכז,591
1186,that the figure of a bee,הצפון,687
1187,that a figure is sick,יהודה והשומרון,665
1188,Sderot,הדרום,"29,075"
1189,vacuum cleaner,ירושלים,613
1190,captive,הדרום,704
1191,trail,הדרום,846
1192,onyx,המרכז,"21,014"
1193,keeper,הצפון,367
1194,Samaria,הדרום,836
1195,Shukda,הדרום,606
1196,root,ירושלים,"1,215"
1197,roots,הצפון,542
1198,lily of the valley,המרכז,490
1199,interwoven,הצפון,326
1200,Dawn,הדרום,895
1201,dawn,הדרום,172
1202,oats,הדרום,286
1203,methods,הדרום,-
1204,Sheikh Danon,הצפון,"2,944"
1205,Sheila,יהודה והשומרון,"4,483"
1206,Shilot,המרכז,787
1207,her neighbor,הצפון,802
1208,peace,הדרום,547
1209,Peace in the desert,הדרום,-
1210,extensions,הצפון,428
1211,my peace,הצפון,"6,754"
1212,Shlomit,הדרום,394
1213,Shlomzion,יהודה והשומרון,-
1214,dill,הצפון,923
1215,heard,יהודה והשומרון,812
1216,you kept,הצפון,640
1217,umbrella,הצפון,"2,517"
1218,Crimson,הדרום,548
1219,Schnir,הצפון,609
1220,Shaev,הצפון,"7,228"
1221,on,הצפון,306
1222,Shallows,המרכז,"1,909"
1223,Shaar Ephraim,המרכז,"1,920"
1224,Golan Gate,הצפון,541
1225,The Gate of the Valleys,חיפה,763
1226,Shaar Manasseh,חיפה,527
1227,Gates of hope,יהודה והשומרון,"6,056"
1228,sane,המרכז,"1,328"
1229,benign,הדרום,924
1230,improve,הצפון,442
1231,Shafram,הצפון,"42,510"
1232,Almond,יהודה והשומרון,"1,018"
1233,Slide,הדרום,570
1234,Sharona,הצפון,573
1235,Shrigs (Lee-on),ירושלים,"1,062"
1236,remnant,הצפון,899
1237,chain,הדרום,335
1238,planted,הצפון,286
1239,planted,הדרום,"2,091"
1240,boxwood,הדרום,436
1241,gallop,הדרום,677
1242,Seasoned,הצפון,315
1243,Tomer,יהודה והשומרון,287
1244,resourcefulness,הדרום,842
1245,Tamarinds,הדרום,762
1246,Distilled,ירושלים,457
1247,Tel Aviv Jaffa,תל אביב,"463,808"
1248,Tel Hai (college),הצפון,-
1249,Tel Yosef,הצפון,559
1250,Tel Yitzhak,המרכז,803
1251,Tel Mond,המרכז,"13,493"
1252,A mound of lentils,הצפון,"1,501"
1253,harvest mound,הצפון,462
1254,Tel Sheva,הדרום,"21,554"
1255,Twin mounds,הצפון,606
1256,rut,יהודה והשומרון,478
1257,Ptolemy Eliyahu,הדרום,321
1258,Ptolemy Elazar,חיפה,964
1259,Ptolemy BILO,הדרום,528
1260,Ptolemy Yosef,הדרום,324
1261,Ptolemy Yehiel,הדרום,"1,021"
1262,Ptolemy is beautiful,הדרום,812
1263,furrows,הדרום,919
1264,you changed,הצפון,"1,274"
1265,yields,המרכז,830
1266,dare,ירושלים,634
1267,Binyamin Industry*,המרכז,-
1268,Dalton Industry,הצפון,-
1269,Sharon Industrial,המרכז,-
1270,Yavne Rope Industry,המרכז,-
1271,Quarry Industry*,המרכז,-
1272,Industrial Operation*,הדרום,-
1273,String industry,יהודה והשומרון,-
1274,Zirifin Industry,המרכז,-
1275,Ram Industry*,הדרום,-
1276,Industrial Co. Ltd,יהודה והשומרון,-
1277,Lower Galil Industries,הצפון,-
1278,you will flower,הדרום,"2,268"
1279,rebirth,הדרום,741
1280,stuck,יהודה והשומרון,"4,168"
1281,Tarbin a-Tsana (locality)*,הדרום,"1,183"
1282,donate,ירושלים,962
1283,in,,
